,,,,,,,,,
,,,,,,,,,
,,,,,,,,,
,,Main Category,Sub - Category, Sub - Category 2,url,titleText,titleLength,metaDescription,metaDescriptionLength
,,Home Page ,,,https://ajaypipes.com/,Ajay Pipes - Pipes Fittings Manufacturer Company In India,57,"Choose Ajay Pipes, India's top pipe manufacturer and supplier, for a wide range of high-quality pipes. Find your ideal solution now!",132
,,About,,,https://ajaypipes.com/about-ajay/,About Ajay Pipes Quality Plumbing Solutions,43,"Learn about Ajay Pipes, a leading manufacturer of high-quality plumbing solutions. Discover our commitment to innovative products.",130
,,About Ajay,vision-mission-and-core-values,,https://ajaypipes.com/vision-mission-and-core-values/,Vision & Mission of Ajay Pipes | Future of Plumbing,51,"Explore Ajay Pipes’ vision and mission built on quality, innovation and sustainable plumbing solutions for stronger, safer water systems.",137
,,About Ajay,infrastructure-technology,,https://ajaypipes.com/infrastructure-technology/,Infrastructure & Technology | Ajay Pipes,40,"Discover Ajay Pipes' advanced infrastructure and technology, driving innovation in the piping industry. Explore our cutting-edge solutions",138
,,About Ajay,Integrated policies,quality-policy,https://ajaypipes.com/quality-policy/,Quality Policy | Ajay Pipes Commitment to Excellence,52,"Ajay Pipes ensures top quality with advanced tech and strict testing for safe, durable, and reliable piping solutions you can trust.",132
,,About Ajay,Integrated Policies,environment-policy,https://ajaypipes.com/environment-policy/,Ajay Pipes Environment Policy & Sustainability,46,"Ajay Pipes champions eco-friendly production and resource-saving practices, delivering sustainable piping solutions for a greener future.",137
,,About Ajay,Integrated Policies,safety-policy,https://ajaypipes.com/safety-policy/,Safety Policy | Ajay Pipes Commitment Workplace Safety!,55,"Explore Ajay Pipes’ safety policy ensuring worker protection, safe operations, strict training and compliance for a secure workplace.",133
,,Products / Landing Page,Integrated Policies,ajay-extended-limited-warranty,https://ajaypipes.com/ajay-extended-limited-warranty/,Ajay Extended Limited Warranty Assurance,40,"Ajay Pipes provides Extended Limited Warranty Assurance for long-lasting performance, trusted quality, and reliable piping solutions.",133
,,About Ajay,our-divisions/,,https://ajaypipes.com/our-divisions/,Our Divisions | Innovation & Excellence - Ajay Pipes,52,"Ajay Pipes delivers advanced plumbing, agriculture, and industrial piping solutions with quality, reliability, and continuous innovation.",137
,,About Ajay,chairmans-desk/,,https://ajaypipes.com/chairmans-desk/,S C Jain – Visionary Chairman of Ajay Pipes,43,"S C Jain, visionary Chairman of Ajay Pipes, leads innovation and quality excellence, shaping the future of India’s trusted piping industry.",139
,,About Ajay,awards-and-certifications/,,https://ajaypipes.com/awards-and-certifications/,Ajay Pipes: Awards & Certifications Excellence,46,"Discover Ajay Pipes’ awards & certifications, reflecting excellence, trust, and top-quality standards in plumbing and water solutions.",134
,,About Ajay,ajay-team/,,https://ajaypipes.com/ajay-team/,Meet the Ajay Pipes Team | Experts You Can Trust,48,"Meet Ajay Pipes’ dedicated team providing quality, innovation, and trusted solutions for India’s plumbing and water management.",127
,,About Ajay,sustainability/,,https://ajaypipes.com/sustainability/,Sustaining Growth for Future | Ajay Pipes Brand,47,"Ajay Pipes fuels sustainable growth with innovative, eco-friendly, and high-quality piping solutions for a stronger infrastructure future.",138
,,Why Ajay,,,https://ajaypipes.com/why-ajay/,Why Ajay Pipes | Trusted Quality & Innovation,45,"Discover Ajay Pipes: trusted plumbing solutions with unmatched quality, innovation, and durability for homes, industry, and infrastructure.",139
,,Why Ajay,Audience,Retailers,https://ajaypipes.com/retailers/,Retailers | Find Nearest Dealers,32,Locate the nearest Ajay Pipes retailers and dealers for all your plumbing needs. Trusted distributors in your area,114
,,Why Ajay,Audience,Home Owners,https://ajaypipes.com/home-owners/,Ajay Pipes Homeowners | Plumbing Solutions,42,Homeowners trust Ajay Pipes for reliable plumbing solutions. Explore our products tailored to enhance your property's plumbing system.,134
,,Why Ajay,Audience,Contractors,https://ajaypipes.com/contractors/,Ajay Pipes Contractors Plumbing Experts,39,Discover skilled Ajay Pipes contractors for your plumbing projects. Experienced professionals for quality installations,119
,,Why Ajay,Audience,Builders,https://ajaypipes.com/builders/,Ajay Pipes Builders Quality Plumbing,36,Builders rely on Ajay Pipes for dependable plumbing solutions. Discover our wide range of products for ensuring quality construction projects,141
,,Why Ajay,Audience,Distributor,https://ajaypipes.com/distributor/,Become a Distributor: Partner with Us,37,Expand your business! Partner with us as a distributor and unlock exciting opportunities in your market segment.,112
,,Why Ajay,Audience,Consultant,https://ajaypipes.com/consultant/,Expert Consultant Services: Strategic Guidance | Ajay Pipes,59,Access expert guidance for strategic decisions. Our consultants offer tailored solutions to drive your business forward.,120
,,Products,Flowline Plus (CPVC),,https://ajaypipes.com/ajay-flowline-plus-cpvc-pipes-and-fittings/,Ajay Flowline Plus CPVC Pipes & Fittings,40,"Discover Ajay Flowline Plus CPVC pipes & fittings, delivering durable, safe, and long-lasting plumbing solutions for homes & industries.",136
,,Products,Greenline (UPVC),,https://ajaypipes.com/greenline-upvc/,Ajay Greenline UPVC Pipes & Fittings Solutions,46,"Ajay Greenline UPVC Pipes & Fittings deliver leak-free, durable plumbing solutions with trusted performance for homes and industries.",133
,,Products,Drainline (SWR),,https://ajaypipes.com/drainline-swr/,Ajay Drainline SWR Pipes & Fittings Solutions,45,"Discover Ajay Drainline SWR pipes & fittings for durable, leak-free drainage systems, ensuring reliable performance in homes & industries.",138
,,Products,Terraline (UDS),,https://ajaypipes.com/terraline-uds/,Ajay Terraline UDS – Underground Drainage System,48,"Discover Ajay Pipes Terraline UDS for reliable underground drainage. Durable, leak-proof, and easy-to-install for lasting performance.",134
,,Products,Agriline,,https://ajaypipes.com/agriline/,Ajay AgriLine Pipes – Strong Irrigation Solutions India,55,"Ajay Agriline agri pipes & fittings offer durable, leak-free irrigation solutions for farms, ensuring reliable water supply & long life.",136
,,Products,Deepline,Column Pipes,https://ajaypipes.com/column-pipes/,Premium Column Pipes for Borewell Systems,41,"Ajay Pipes High-Strength Column Pipes deliver durables, reliable borewell performance and long-lasting support for deep water use.",130
,,Products,Deepline,Casing Pipe,https://ajaypipes.com/casing-pipe/,Casing Pipe Solutions: Reliable Protection,42,Ajay Pipes offers high-quality casing pipes for various industrial applications. Explore our casing pipe range for superior performance,135
,,Products,Drainline (SWR),Aerator Fitting,https://ajaypipes.com/aerator-fitting/,Ajay Drainline Aerator – Smart Vent System,42,"Ajay Drainline Aerator delivers smooth, odor-free drainage with smart vent tech—reliable, efficient, and easy-to-install for homes.",131
,,Products,Drainline (SWR),Air Admittance Valve,https://ajaypipes.com/aav/,Air Admittance Valve | Reliable Venting Solution,48,"Discover Ajay Pipes Air Admittance Valve for efficient plumbing venting, odor control, and reliable performance in modern drainage systems.",139
,,Products,Drainline (SWR),Inspection Chamber,https://ajaypipes.com/inspection-chamber-accessories/,Inspection Chamber Accessories - Ajay Pipes,43,"Explore our range of inspection chamber accessories for efficient plumbing systems. High-quality, durable, and easy to install. Find what you need today",152
,,Products,Drainline (SWR),WC Pan Connectors,https://ajaypipes.com/wc-pan-connectors/,Ajay WC Pan Connector | Leak-Proof Bathroom Joint,49,"Ajay Pipes WC pan connector ensures leak-free, secure toilet waste connection with durable, long-lasting performance you can trust.",131
,,Products,Drainline (SWR),Wash Basins Traps,https://ajaypipes.com/wash-basins-traps/,Premium Wash Basin Traps for Leak-Free Drainage,47,"Ajay Pipes wash basin traps offer durable, leak-free drainage solutions—reliable, efficient, and easy to install for modern plumbing.",133
,,Gallery,,Exhibitions,https://ajaypipes.com/exhibitions/,Ajay Pipes Exhibitions | Events & Trade Shows India,51,"Explore Ajay Pipes at top industry exhibitions, highlighting innovative products, excellence, and strong customer connections across India.",139
,,Gallery,,Dealers Meets,https://ajaypipes.com/dealers-meets/,"Ajay Pipes Dealers Meets: Engage, Innovate, Connect!",52,"Discover our engaging dealer meets, fostering discussions on cutting-edge pipe solutions with valued partners.",110
,,Gallery,,Blood Donation Camp,https://ajaypipes.com/blood-donation-camp/,Ajay Pipes Blood Donation Camp | Save Lives Together,52,"Ajay Pipes hosts a Blood Donation Camp, fostering community care, health, and compassion. Join us in supporting lives and social welfare.",137
,,Gallery,,Events,https://ajaypipes.com/add-campaigns/,Ajay Pipes Events | Industry Meets & Activities,47,"Explore Ajay Pipes at events & exhibitions, showcasing innovation, top-quality products, and building trusted customer connections.",131
,,Gallery,,Plant Visits,https://ajaypipes.com/plant-visits/,Ajay Pipes Plant Visits | Quality Manufacturing,47,"Explore Ajay Pipes’ modern plants with guided tours showcasing innovation, safety, quality checks, and advanced production processes.",133
,,Gallery,,Magazine & Newspaper Ads,https://ajaypipes.com/magazine-ads/,Magazine Ads & Newspaper Coverage | Ajay Pipes,46,"Explore Ajay Pipes’ magazine & newspaper features highlighting trusted quality, innovation, and strong presence in India’s plumbing sector.",139
,,Gallery,,Hoardings & Shop Boards,https://ajaypipes.com/hoardings-and-shop-boards/,Hoardings & Shop Boards | Ajay Pipes Branding,45,"Explore Ajay Pipes’ hoardings & shop boards for strong brand visibility, trust-building, and lasting customer connections nationwide.",133
,,Gallery,,Magazine & Newspaper Ads,https://ajaypipes.com/newspaper-coverage/,Newspaper Coverage | Ajay Pipes,31,"Explore Ajay Pipes' latest newspaper coverage, highlighting our industry contributions and innovative pipe solutions. Stay informed with us!",140
,,Gallery,,Other Donation & Charity Camps,https://ajaypipes.com/other-donation-camps/,Ajay Pipes: Community & Charity Initiatives,43,"Discover Ajay Pipes initiatives in various donation & charity camps, supporting communities with care, compassion, and sustainable impact.",138
,,Gallery,,Other Donation & Charity Camps,https://ajaypipes.com/other-charity-events/,Other Charity Events | Community Welfare & Social Causes,56,"Discover Ajay Pipes' diverse charity events, dedicated to various social causes. Join us in making a positive impact on communities!",132
,,Contact Us,,,https://ajaypipes.com/contact/,Contact Ajay Pipes – Get In Touch & Assistance,46,"Contact Ajay Pipes for product support, inquiries, and dealer info. Get expert help with reliable plumbing & piping solutions today.",132
,,Legal,,Terms & Conditions,https://ajaypipes.com/term-conditions/,Terms & Conditions: Understand Our Policies,43,"Explore our terms & conditions to understand policies governing product use, purchases, and interactions with our website.",122
,,Legal,,Privacy Policy,https://ajaypipes.com/privacy-policy/,Protecting Your Privacy: Our Policy,35,Learn how we safeguard your data. Explore our comprehensive privacy policy for transparency and peace of mind,109
,,Products / Landing Page,,,https://ajaypipes.com/pipe-fittings/,Pipes & Fittings Manufacturer Company in India,46,"Discover premium pipe fittings for leak-proof connections, smooth water flow, high durability, and reliable plumbing solutions today.",133
,,Products / Landing Page,,,https://ajaypipes.com/upvc-pipes/,UPVC Pipes Blogs- Durable & Reliable Pipes,42,Discover the advantages of using UPVC pipes in plumbing and construction. Learn about UPVC pipe features and applications.,122
,,Products / Landing Page,,,https://ajaypipes.com/pvc-pipe-fittings/,Premium PVC Pipe Fittings for Strong Plumbing,45,"Explore durable PVC pipe fittings for water supply and drainage. Find high-quality, leak-proof solutions for homes and projects.",128